text	label
《神兆OL》装备选择的误区	6
私募整体业绩落后大盘,尚雅系睿信系重仓突围	9
湖北8人铊中毒其中2人死亡案疑犯受审	7
房祖名夏雨拍《宝岛双雄》,张菲“复出”引轰动	1
组图：神奇内衣又能丰胸又能存酒	4
中国与蒙古将在北京举行维和联合训练	5
暴降200元,1080P直播歌美HD8800促销	8
多家媒体呼吁修法应对开胸验肺,卫生部称属个案	5
海南回应试水博彩业：绝不开逾规设赌场	2
沪基指半日涨2.25%,两市封基近乎全线飘红	9
周评：沪基指本周再涨3%,六连阳创五个月来新高	9
单位领导不堪下属威胁雇凶杀人焚尸	7
如何看待指数基金密集获批	9
组图：时尚搭配新招,当比基尼勾搭上长裙	4
六旬翁救火身亡被指系吓死,警方为其正名	7
奇才旧将故地重游遭整蛊,学跳道基舞着实不堪回首	0
24+10拯救世界他还用投篮,当不了老大证明给你看	0
10倍光变28mm广角,理光新品CX2国庆促销	8
《宝贝国度》梦网版,新开服装大抢购	6
澳认可留学签英语测试与雅思成绩对应标准	3
时尚款式原装品质,iAUDIO,E2正式发布	8
31分之夜阿尔斯通激情重燃,此刻他穿越全上海灵魂,	0
文章：《失恋33天》不用宣传,用诚意聊失恋	1
美国华人移民爱购房,安居乐业故事多	3
组图：绝对机密,告别粗腿韩系半身裙能藏肉	4
组图：钱妞虎头出街,警察禁穿性感内裤	4
蒲巴甲变身胡须男,《东风雨》片场秀魔术(组图)	1
2008年大学英语四六级评分标准	3
中国代表团今日抵俄就关闭华商市场进行交涉	5
陈水扁家族弊案全案辩论终结	5
广州一住宅地限售,石化企业中石化或接盘	2
组图：8款冬季连衣裙,打造丰胸细腰芭比身	4
男青年作客朋友家时身穿内衣坠亡	7
季后赛对决达拉斯竟被当软蛋,卡尔：避雷霆选小牛	0
女白领发现取款机遗留银行卡贪取万元被抓	7
奢华代名词,徕卡LUX4相机中的劳斯莱斯	8
NCAA2010-11赛季回顾：这战国时代的灰姑娘童话！	0
最高法：严格审查退房案件	5
周永康继续在新疆指导维护稳定工作	5
民工列车上被绑死亡续列车长被控过失致死罪	7
陈水扁将与其岳母等7人法庭上对质	5
女教师被冒名贷款5万元,丈夫不堪压力去世	7
《幻想i时代》感恩节吃烧烤拿装备	6
4.3英寸液晶屏幕,昂达VX767HD仅售499	8
北京公租房暂不对非京籍人士开放	5
科比扭伤后抗死命令不下场,这偏执狂永远不会认输!	0
协警打手势碰到宝马车遭司机当众暴打	7
嘉实基金推出国内首只基金投资者信心指数	9
华富基金聘任高管,邹牧成为新任副总经理	9
肝硬化患者偷偷喝酒摔下屋顶病危	7
前瞻火箭只有取胜一条路,马刺在休城横扫or6连败	0
高位截瘫小伙网上开导他人,病重后网友千里探望	7
组图：绯闻不给力,女星靠“穿衣”绝处逢生	4
湖人副指挥绝不能越打越差,科比：出手肯定超10次	0
胡锦涛在罗马称中国经济总体形势企稳向好	5
个人住房转让营业税征免时限政策剑指高房价	2
北京期房日均签约量280套,创半年新低	2
组图：淑女风回潮,女星都爱端庄造型	4
白领抱怨过春节比上班累,建议适当延长假期	7
4.3英寸高清TFT屏幕,itoos,M7仅售399元	8
伯乐留学周末沙龙之美国加拿大专场	3
组图：修身裤爱皮靴,9种搭配打造细长美腿	4
高性能入门级单反,宾得K-x白色限量版到货	8
掌上明珠,双节庆典,精彩活动即将登场	6
组图：绯闻女星李小冉场合装扮	4
组图：从“蓬松度”说起,小妙招巧选过冬羽绒服	4
美国知名院校中国学生代表亲述留学经历	3
《霸王II》精彩前瞻,公测指日可待	6
组图：巧选内衣,扮熟女或扮天使	4
开发商打折留一手新盘报虚价,购房者观望不上当	2
澳悉尼大学商学院将提高留学生入学英语要求	3
“快乐2010”芒果手机游戏礼包大派送	6
卫生部：三年内实现农民在省内看病即时报销	5
《狄仁杰》首映李冰冰与刘德华眉目传情(组图)	1
5倍光学变焦伸缩式镜头,通用E1050仅售999	8
新浪CBA第9周最佳阵容上海双剑合璧,巴特尔入选	0
参加《契约OL》竞技场,争夺千元大奖	6
《诛神OL》玩家真情祝福贺祖国60华诞	6
莫雷答记者问：新帅候选者人人平等,终极目标不变	0
家属不满医疗鉴定占医院办公室两月讨说法	7
魔术滤镜功能,奥林巴斯FE46,时代低价	8
律师称地方政府与开发商在拆迁上存利益关系	2
地铁员工帮乘客寻获价值2300元名牌鞋	7
房地产信托投资基金(REITs)研讨会圆满结束	2
现场：阿联首节手感不佳未开张,探花抢板隔人暴扣	0
房产商办亲吻大赛吸引购房者眼球(组图)	2
《白鹿原》首支预告片曝光,张丰毅冒险救吴刚	1
机构增持偏股型基金	9
体育动画电影《球道》最新宣传照曝光(组图)	1
北京朝阳运河新时尚获最具创新商业地产项目奖	2
盛大：三大创新确保盛大行业龙头地位	6
传郭晶晶欲落户香港战伦敦奥运,装修别墅当婚房	2
《窃听2》叶璇打悲情牌,导演：感情戏出彩(图)	1
偏股基金重成市场宠儿	9
超值性价比,理光R10,DC,时代数码广场	8
组图：女明星十一出游箱包盘点	4
众多地王首付仅二成,迟付出让金现象应杜绝	2
《狄仁杰》中刘嘉玲胡人造型令人捧腹(组图)	1
四川米易遭特大暴雨袭击16人死亡13人失踪	5
组图：狗狗万圣节变装派对超级可爱,	4
吴忠打黑除恶42人涉黑大案作出终审判决	7
4倍光学变焦镜头,柯达M420套装仅售1199	8
《武林OL》极品装备打造攻略	6
湖北潜江女出纳窃取国库580万购名车金条	7
3.5英寸OLED触摸屏幕,尼康S70仅售1999元	8
组图：设计师评点黄晓明穿啥都“闹太套”	4
周迅接班葛优成新劳模,两部电影贺岁档同映	1
青年为捉鱼将毒投到村民饮用水库被判刑	7
北美票房综述：《哈利波特5》遭喜剧夹攻(附图)	1
从华人赴澳移民史看眼下澳洲移民政策	3
陈水扁夫妇将同时出庭与儿子对质	5
来《天行社区》,乐享“阿凡达”盛宴	6
中央财政累计09年政府公共投资预算5620亿	5
罗杰斯：中国经济无泡沫迹象,房价或下跌	2
刘天君：混沌市场的清醒客,	9
农民工节衣缩食资助贫困学生读书	7
U16男篮归京捧奖杯出机场,15岁小将目标进国家队	0
改掉做英语四六级阅读理解题的不良习惯	3
入门级卡片式相机,爱国者V1218降价促销	8
四六级命题研究中心主任谈四六级复习备考	3
公牛该对步行者道声谢谢,东区第八出局却赢得尊严	0
土地政策小动作频现,开发商称摸不着规律,	2
中粮万科22亿高价拿下京西房山地块（图）	2
7倍光变28mm广角,理光小长焦R10仅1580元	8
续航能力优质,纽曼录音笔XD60热卖499元	8
国际生申请人数剧增,美国高校提高门槛	3
超大变焦卡片机,奥林巴斯μ7020售价2250	8
大厦主管伙同保安打死顾客获刑9年	7
显气质披肩领绣花边连衣裙	4
国土部：推广农地入市调控房价的报道不属实	2
最高法院：禁止借口应对金融危机侵权	5
四级考试的误区：写给屡战屡败的四级考生	3
《窃听风云》公布剧照,古天乐放弃络腮胡(组图)	1
《赤壁OL》倾心评测,图文并茂	6
看好中国内地投资市场,国内投资者将热情踊跃	2
13年后公牛王朝重回东部第一,罗斯有了乔丹的内核	0
获得《封神ol》新物品“族贡”攻略	6
今后三个月的房地产市场上升态势不会变	2
地产界话语权合力改变着行业的命运	2
余文乐赴韩宣传新片,人气高被粉丝围困(组图)	1
吉普车司机拒交停车费驾车顶开收费员	7
北京租售比首破1：500,严重偏离1：200安全线,	2
组图：谁动了我钻石包,女王都爱Judith,Leiber	4
组图：秦海璐,她是漂泊不是风尘	4
台湾首次以观察员身份参加世卫会	5
组图：梁静茹提早庆祝情人节,蓝色礼服展香肩	1
沪基指收复3100点关口,封基近乎全线上扬	9
攻读高学历者不受英国签证新政影响	3
《口袋神兽三国志》地理杂志成都篇	6
偏股型新基金发行回暖	9
热3人30+10后火箭又被数据辱,76人玩着创赛季新高	0
组图：31岁陈乔恩教你穿出胸大腰细	4
高端人群投资自主两相宜	2
1200万粉色金属DC,烟台三星PL70仅1480	8
众星追忆谢晋,电影大师六十载戏剧梦谢幕(组图)	1
3寸大屏幕,千万像素,家用首选尼康L20	8
《赤壁OL》最新更新场面火爆	6
民进党两名元老参与两岸论坛遭除名	5
《秋瑾》10月13日上映,预告打造女黄飞鸿传奇	1
金砖四国领导人叶卡捷琳堡会晤联合声明发表	5
中俄原油管道工程中国段开工	5
《秋瑾》片花黄奕挥鞭抗敌,郑嘉颖全靠妻子保护	1
《恋爱恐慌症》首映,林依晨澄清结婚传闻(图)	1
国务院要求确保出口产品在国际市场份额	5
亲信称陈水扁卸任后曾急速办护照	5
腾讯手游在线,《幻想西游》勇创新高	6
加拿大支持移民程度主流态度最热衷	3
资金面宽松助推新基金发行	9
《007之微量情愫》海上拍摄,丹尼尔开游艇有型	1
北京楼市成交量今年大翻番,已超过30万套大关	2
配15-85mm防抖镜头,佳能单反7D套机降价	8
我国2010年底解决破产国企退休人员医保问题	5
刘德华与胡静扮夫妻,亲密似远房亲戚(组图)	1
JVC,GZ-MG530A摄苑网十月火爆促销中	8
全国人大常委会表决通过修订后的统计法	5
浴厂用工业水当洗澡水,顾客沐浴存隐患(图)	7
《杨门女将》终极海报发布,十二女将扬威(图)	1
Game2《三十六计》告别菜鸟,新人成宝	6
哈伦裤搭配黑色字母T恤细节中博得头筹	4
新基金募集500亿元	9
《海贼王》龙塔前三关盘点	6
骑士vs奇才前瞻：谨防鱼腩发飙,谁来保护太空易？	0
皮海洲：基金管理重在落实处罚	9
青龙真情期盼您的回归	6
华安：老骥伏枥志在千里,	9
国投瑞银网上定投专区全面升级	9
组图：比皮草环保,超可爱绒绒衣	4
基金实地调研收获信心,未来市场跌不下去	9
我国今年将研究开征物业税	5
可爱五官美眉适合复古花朵单品	4
《诛神online》趣事记――我的�徒	6
教你秘制烧烤《天劫ol》野外BOSS	6
国民党高层正研究增设荣誉党主席可能	5
居民投资意愿回升,易方达等新发基金认购放量	9
小牛下场胜负手竟非德克,联防杀招考验开拓者后场	0
远洋地产2009年客户满意度再涨8%	2
新基金密集发行交银施罗德主推明星经理	9
陈冠希客串演出《蝙蝠侠》,现身拍摄现场(组图)	1
《超时空救兵》热拍,景甜郭品超变时尚达人(图)	1
火箭年轻化谁是真基石,巴丁格头把交椅泰伦斯悲剧	0
第79届奥斯卡金像奖颁奖典礼十大看点详解(图)	1
第二次中日经济高层对话举行,王岐山出席	5
物业公司员工为占地盘在小区会议室坚守58天	7
QDII净值损失加重：3毛基金占2只	9
火箭再为哈里斯开出10天短合同,马丁手腕伤势无碍	0
时代数码广场,惊艳亮相松下SDR-H80GK	8
14助攻！老天王本色回归,20年风云锻造狂人的传奇	0
温家宝：中国近期将再向欧洲派出采购团	5
两个月来第四只指数基金获批	9
甜瓜走了掘金终尝苦果,关键时刻谁还能扛球队上肩	0
高性价比3CCD摄像机,松下HS9仅售4799元	8
《对手》：好孩子是什么标准？	3
国民党秘书长吴敦义称任期满前提出辞呈	5
美股短暂回暖,QDII基金是否已过最坏时候	9
习近平：党校要以良好学风校风保证培训质量	5
储户从银行取出20万后遭两名男子抢劫	7
债券基金收益分化	9
高清摄像25mm大广角,松下长焦ZS3促销	8
留美申请文书写作技巧：尽量多讲故事	3
组图：最会穿衣的明星那些尴尬的失蹄之际	4
安全支招,留学生要会用法律保护自己(图)	3
美颜与靓丽美景,卡西欧Z450仅售1799元	8
武汉工程职院千名学生四六级报考无门	3
东部总结：公牛带来全新格局,三巨头引发蝴蝶效应	0
CMMB数字数字电视,三星YP-CM3仅880元	8
S60手机网游《双城OL》正式运营	6
支持双无损音频文件,iriver,E150仅售449	8
现场：犀利哥难逃犯规梦魇,马丁飚三分却两罚不中	0
中小规模基金时代来临	9
台湾嘉义发生里氏5.1级地震	5
胡锦涛与斯洛伐克总统举行会谈	5
华语大片闯北美死得很难看,只为国内票房(组图)	1
第六届中国留学人员创新创业论坛在京举办	3
中国教育部发布2011年第2号留学预警	3
西单09最IN潮,当乐网手机网游同乐会	6
实用型家用相机,佳能A1100重庆仅1100	8
拍照投影样样通！尼康S1000降至2800	8
鹏华盛世缘何踏空反弹,都是营销潜规则惹的祸	9
暑期DV计划落幕,美国青年拍摄北京故事(图)	1
台独分子要求美国给台民众发国民护照	5
《天劫ol》合服细节早知道	6
客车参加检车时刮倒骑车男子将其碾死	7
六种色彩任你选,酷比魔方H200HDS精美图赏	8
组图：厚毛衫长袜,火得一塌糊涂	4
施工工人因劳资纠纷关闭800户人家用水	7
柳云龙范冰冰飚才艺,献演穿越版笑傲江湖(组图)	1
留学加拿大：六招教你度过语言缓冲期	3
中国主张金砖四国合作应循序渐进	5
沃尔20+7奇才再遭屠杀,绿衫军首发全上双轻松获胜	0
艺术家用7.5万根火柴搭建迷你“泰姬陵”	3
疯狂三月冷门齐飞,NCAA不仅属于天才更属于篮球！	0
四六级收费是否过高,物价局：欢迎大学生核查	3
楼旁挖地库惹居民揪心,开发商称已请专家论证,	2
《高兴》加入贺岁大战决心以雷取胜(组图)	1
卫生部拟规定托幼机构不得拒绝乙肝儿童	5
曝科比战马刺骂裁判是gay,疯狂垃圾话招巨额罚单,	0
《形影不离》入选釜山电影节,吴彦祖盼上映(图)	1
入门单反首选！佳能500D小套仅5100	8
组图：不怕冷风吹,街拍达人冬帽搭	4
湖人必走之人突传续约谈判,巨头亲口劝他留在洛城,	0
秀水称汪自力工作重度过失(组图)	2
首款前后双屏卡片机,三星ST550套装2080	8
时尚便携入门DC！尼康L20现特价促销	8
北美票房综述：《冰刀双人组》力压《刑房》	1
15倍长焦还高清,富士S2000HD仅售1750元	8
洗澡致一家五口煤气中毒身亡	7
姚明博鳌参加新浪微博之夜,谈公益称要做榜样力量	0
《诛神OL》八卦要闻之10大玩点	6
加拿大男子徒步旅行11年,行程74万公里走过64国	3
村庄疑遭大型动物入侵,近百只羊被咬死	7
《神兆OL》教你巧妙合成龙王之鳞	6
封基抗跌走强,又是分红助推	9
外交部例行记者会将于暑期休会	5
我为什么喜欢玩《天劫ol》	6
巡防员推开老人被急驰火车撞飞(图)	7
客观理性看留学,仔细规划避免心理危机	3
基金上演拉锯战：高仓减持低仓增持	9
温家宝在山东调研,本月第4次利用周末考察各地	5
贾庆林中国经济形势总体好于预期	5
我国启动9项免费公共卫生服务项目	5
《窃听风云2》热映,古天乐叶璇“情逢对手”	1
国庆大假那里去,乘风破浪《大航海》	6
北京留学行业协会联袂耶鲁硕士讲美国留学	3
移民专家：深度解析加拿大联邦移民部新政	3
组图：李孝利穿衣爱露性感小蛮腰	4
4倍光变卡片机,佳能IXUS110售价2210元	8
中央驻澳门联络办负责人就崔世安当选发表谈话	5
抢眼基金幕后操作解密	9
遭袭事件阴影渐散,澳洲留学生签证申请增加	3
刘杰文建议：震荡市下可适当配置债券基金	9
送原装电池,佳能高清单反500D单机4800元	8
五部委出台意见落实医改方案	5
十月17SY手机网游排行榜TOP17	6
千万像素防抖DC!,三星PL65售价1580元	8
摩根士丹利华鑫旗下三只基金业绩优异	9
中年男子自称杀死妻子后跳江自杀(组图)	7
《梅兰芳》现身紫禁城,黎明造型首度曝光(组图)	1
叶德娴威尼斯封后,导演许鞍华决定取消退休(图)	1
齐肩半长发型怎么搭配衣服？（组图）	4
人民网：新浪五星金牌留学顾问评选落幕	3
《神兆OL》等级解封引发冲级狂潮	6
墨西哥青年跳入虎笼自杀未遂	7
宽腿卷边裤,夏天穿最显瘦	4
省心省力《封神ol》大把经验送玩家	6
港媒称金庸主动申请加入作协,可能任名誉副主席	5
台湾花莲下午发生5级地震	5
新浪五星金牌留学顾问评选复赛入围选手名单	3
19秒空空流过波波维奇暴怒别问我！他们没听我的	0
女子炸毁5间房屋致2人死亡,称因感情遇挫而报复	7
丝巾圆帽,为整身服装量身打造	4
北京将加大对开发商捂盘的打击力度,	2
组图：冬季时髦混搭风,女星街拍示范	4
债市回落,货币基金收益率骤减6成	9
航班紧急降落救治突然发病乘客(图)	7
三玩手机游戏《手机大航海》拍案惊奇	6
王全安谈三大电影节：应该像电影一样有个性	1
陈致中夫妇赴看守所探望陈水扁	5
马英九：台湾经济不可能完全不依赖大陆	5
天然大树根形似中国地图(图)	7
审计署：62个县级国税局违规征税23.4亿	5
四大知名地产开发公司斥资87亿元拿地	2
民政部：2008年接收各界捐款764亿元	5
传少林寺上市开发旅游地产,方丈释永信不知情	2
冷暖人生：加籍华裔的后移民时代(组图)	3
最高法院要求做好涉农民事案件审判	5
最高像素达到了1130万,松下LX3仅售3880元	8
基金缘何高谈最坏时刻已过去	9
公交车改道送3岁高烧男童上医院	7
组图：媚态尽显,时尚内衣重塑熟女性感	4
《大武生》片方：票房少两成,《建党》方面否认	1
团伙非法制售枪支落网,以造1把枪1500元雇工人	7
觊觎官钱创投移情引导基金	9
父亲不慎将幼婴摔成重伤,母亲沿街乞讨筹治疗费	7
组图：范冰冰居家态度,优雅妖娆不输红毯	4
组图Shopping就去王菲的买手店	4
新托福开考5周年：如何提高成绩留学北美,	3
富国天时货币基金基金经理变更,杨贵宾履新	9
组图：欧美女星齐演绎,秋冬围巾抢眼搭	4
哈里北极之旅险丢性命,先斩后奏防女王担心(组图)	3
《天行社区》下载,手机上的大卖场	6
组图：豪门少奶徐子淇名媛穿衣榜样	4
信息时报：不怪你太非主流,只怪金鸡太“独立”	1
北京别墅金九银十成交有望再创新高	2
《天域OL》飞行系统,笑傲江湖	6
高性价比防抖长焦,富士S2000仅售1680元	8
1500套《梅兰芳》服装件件都是戏(组图)	1
刘东卫：此次实态和需求调查是对住宅性能的摸底	2
调查-科比脚步受伤拒绝检查,飞侠是否该选择休息	0
《天域OL》异域风情,迷幻多姿	6
组图：11款蕾丝内裤打造性感翘臀	4
5.5万人年初一涌入雍和宫上香祈福(图)	7
研究指美特殊人才申绿卡需等70年,不利经济复苏	3
全国人大代表团访问吉尔吉斯斯坦	5
轻松造句拿《女儿国》内测号	6
《神兆OL》之PK不败的神话续	6
《云光仙境赤月战争》视频抢先看	6
卫生部：医院有不良执业行为将被记录	5
派对装：和“闪耀”“短小”说再见(组图)	4
新浪五星金牌留学顾问评选复赛流程及评分细则,	3
中共中央决定9月召开十七届四中全会	5
谁料地王如此虚,	2
国家药监局：疫苗等药品造假将追究刑责	5
商家将代金券制成仿人民币,印王小丫头像(图)	7
廖凡：我不是红得很快的演员,早就是师奶杀手了	1
杭州廉租房现蹊跷事,10岁孩子也来申请廉租房	2
方太O-Touch光影六系惊艳亮相方太&米博旗舰店	2
组图：2010秋冬内衣外穿,蕾丝透视挑战男人极限	4
两只债券基金今日发行	9
上合组织成员国将讨论共抗金融危机	5
罗斯30分公牛大胜逼近东部第1,3巨头平平绿军缴枪	0
刘烨演反派堪比刘德华,剑指金像影帝(组图)	1
业主打横幅抗议电梯噪声,开发商称不知情	7
罗马尼亚市民追赶抢劫犯时身亡被追授勋章	7
人保部：下半年将推进职称制度改革	5
正在视频直播雷霆vs掘金IV,杜兰特威少目标横扫	0
探险路上洛瑞永不知痛,他瘸着一只脚背靠背硬撑火箭	0
《开心魔法》曝人物海报,黄百鸣以全新角度呈现	1
北美票房综述：《料理鼠王》料理《虎胆龙威》	1
凯尔特人vs尼克斯前瞻III纽约背水战,甜瓜必杀令	0
《九州》风云上古仙境的玄奇之旅	6
New,Look不仅是一套服装	4
组图：德国性感超模,彩绘球衣助阵世界杯	4
时尚卡片千万像素,卡西欧Z90送礼促销	8
宁海４亿构保障房体系,2千新居惠泽民生	2
29.5mm广角,索尼HVR-Z5C现报价30500元	8
组图：林赛-罗韩潮搭外套,性感夏装再穿一个月	4
皇帝关键球26%准度强于韦德,用他最后一投不是乱来	0
女孩退学回家5年不出门,患严重洁癖拒就医(图)	7
广东商品房销售均价达到6392元平方米	2
华夏基金蝉联理柏中国年度最多奖项	9
蔡司专业镜头！索尼HD1000C单机11800	8
合肥籍演员出席《倮-恋》试映,入围澳门电影节	1
《神兆OL》扫盲行动直指各属性意义	6
配55-200mm镜头,尼康D3000套机仅5710	8
魔兽18+17魔术力退雄鹿,森林狼负篮网惨遭11连败	0
一些基金认为CPI可能已在2月创出全年低点	9
组图：A-Cup女星深V秀,小胸扮靓秘密法则	4
组图：泰勒迷你连衣裙搭配全攻略	4
北京3成房源被加价转租,中介吃差价利润丰厚	2
亮丽色彩圆润无比,富士防水Z30仅899元	8
香港电影节今日开幕,历数汤唯红毯着装(组图)	1
吕秀莲赞成民进党人到大陆访问	5
独家：《苦竹林》胡军于小磊激情照曝光(组图)	1
大S息影专心造人,杨子黄圣依已“分家”(组图)	1
组图：90后女星穿衣经集体向清纯说“NO”	4
国务院法制办就流动人口计生条例答问	5
组图：背心配Legging,朴素搭配明星如何“耍大牌”	4
移民澳洲“临居”如何华丽变身“永居”	3
监管层再次批出两只偏股型基金	9
排水管局部坍塌致清淤工被埋死亡	7
众多记者报道争二之战,热火分析录像连续奋战三天	0
基金公司产品线完善各显神通	9
宁夏库区移民安置房被当商品房出售(组图)	2
3名男子雇凶向银行女高管泼硫酸被刑拘	7
组图：美艺术家创作万圣节南瓜雕塑惟妙惟肖	3
青年影展探讨电影品格,陈德森呼吁投资小型院线	1
北京土地市场重大变革,土地一级开发全归政府,	2
《无限江湖》战场之夺命狂镖	6
布-弗雷泽谈《木乃伊3》：李连杰只有挨打的份	1
《幸福卡片》演绎澳洲寻父,情感大片气质获赞	1
直逼5万,基金周开户数创一年来新高	9
《木乃伊３之龙帝之墓》剧情大揭秘！	6
让我们今夜相聚《明珠三国》不见不散	6
北京朝阳：创意产业让通惠河魅力四射	2
文化部叫停黑帮主题网络游戏	5
中方对朝鲜再次进行核试验表示坚决反对	5
基金发力持续营销,主打定投牌	9
魔鬼训练场爬出真奇兵,邓华德：他值得所有人尊敬	0
易建联回归替补即沉沦？,最后6场生死战必须把握！	0
洛瑞：3.9秒一投教练让直接上,我期待投出关键球	0
76人输球主帅却笑着采访,伊戈达拉让斯帅想起皮蓬	0
上海房价6个月大涨50%,成交盛景不再	2
发改委表态将抑制炒房	2
乘务员背老年人下车被网友赞为最帅(图)	7
土地是否决定房价	2
70后购房现隐忧,啃老买房越演越烈	2
丁克夫妇牵狗拜年被轰出门	7
大学毕业生聘请11位外教给企业家子女当家教	7
4.3英寸高清显示屏,酷比魔方H200HD图赏	8
采用RKnano芯片,纯音乐蓝魔Q23曝光	8
《画皮》取经马王堆,赵薇造型源自辛追(组图)	1
香港确诊第四例甲型流感病例	5
11岁男孩向流浪汉扔石头被打成脑出血	7
赵丹阳借道QFII回归	9
胡锦涛：吸引社会高层次人才到军队工作	5
绝对物美价廉,烟台ANC彩魔摄像头到货	8
沪基指失守3000点大关,封基近乎全线下挫	9
组图：林嘉欣退娱乐圈,着装品味是与非	4
千万级的高像素,尼康L20售价仅790元	8
公募基金调研上市公司行为调查	9
四六级难度加大,由“应试型”转向“应用型”	3
揭秘：真3D《赤壁OL》黄金之乱副本	6
加魁省投资移民设限在即,申请人数激增	3
大话《诛神》师徒四人的故事	6
2008年6月英语六级真题答案在线估分(A卷)	3
《江湖双龙传》七剑地点及支线大全	6
基金公司备战专户一对多	9
女乘客因1元车费当街拔枪威胁司机	7
《武林OL》高级套装让你光芒四射	6
收评：沪基指大跌3.68%,全天震荡下挫	9
富国基金赎回富国天鼎	9
36+8+6玫瑰无解该如何称赞,教练对手都得爱上他	0
陈水扁任内基金操盘官员涉嫌索取不法佣金	5
基金年终奖：鱼和熊掌兼得	9
8GB,399元,英利普YDP612升级版到货全国	8
货币政策明松暗紧,银行放贷将现分化,	2
台法院今日将决定是否继续羁押陈水扁	5
组图：小衫+仔裤穿成日剧女主角	4
房贷优惠现倒计时效应,二手房卖家排队抛售	2
马英九肯定民进党县市长访问大陆	5
英国商学院课程持续升温,国际学生比例不断增加	3
《女儿国》小说：穿越女儿国（一）	6
长沙九成家庭拥有住宅两成家庭有多套房	2
发改委称抛售贮备棉不会打压市场价格	5
朱孝天不怕女友吃醋,仍喂养林熙蕾两只爱犬(图)	1
组图：阿Sa比拼大S,古装扮相谁更靓,	4
中方对印尼抓扣中国渔船表示强烈不满(实录)	5
中国学生赴美留学人数大增,高校难“消化”	3
北京新房价涨3.6%创纪录,	2
90后甜妞开启蒙尘之心,佳人相伴德国战车双圆满(图)	0
房山线开通进城只要一刻钟	2
徐若�拍遭强暴戏受伤,导演感动落泪(组图)	1
千万像素家用DC！索尼W210仅售1250	8
英国减少留学生签证计划,经济将受巨大损失	3
苏群：NBA正在改朝换代,血拼中夕阳旭日谁更红？	0
3D《赤壁》新年新变化,N95即刻送出	6
陈水扁称女儿基于孝心做伪证,向马英九求情	5
专家指导：参加SSAT考试读美国优质高中(图)	3
严宽视大学生为偶像,与刘烨同台拼人气(组图)	1
银河银信添利第七次分红,每10份派0.22元	9
手机网游《封神ol》跨服战场新人手册	6
组图：明星麻豆们教你搭秋季色彩装	4
中方回应朝鲜是否应改革开放：不干涉别国内政	5
温家宝亲笔给灾区小学生回信,祝贺儿童节快乐	5
北大女研究生称遭导师性骚扰案开庭	7
留学成高考生“第四志愿”,家长应量力而行	3
美中产家庭抚养孩子18岁要花147万元人民币	3
LOF指数基金三年来首次发行	9
1200万像素高清单反,尼康D90套机再降价	8
残破小学58年未获维修资金续政府批示拆除重建	7
